,number,name,type,img
0,001,サルノリ,https://gamewith.akamaized.net/article_tools/pokemon-sword-shield/gacha/i_810.png,https://gamewith.akamaized.net/article_tools/pokemon-sword-shield/gacha/i_810.png
1,002,バチンキー,https://gamewith.akamaized.net/article_tools/pokemon-sword-shield/gacha/i_811.png,https://gamewith.akamaized.net/article_tools/pokemon-sword-shield/gacha/i_811.png
2,003,ゴリランダー,https://gamewith.akamaized.net/article_tools/pokemon-sword-shield/gacha/i_812.png,https://gamewith.akamaized.net/article_tools/pokemon-sword-shield/gacha/i_812.png
3,004,ヒバニー,https://gamewith.akamaized.net/article_tools/pokemon-sword-shield/gacha/i_813.png,https://gamewith.akamaized.net/article_tools/pokemon-sword-shield/gacha/i_813.png
4,005,ラビフット,https://gamewith.akamaized.net/article_tools/pokemon-sword-shield/gacha/i_814.png,https://gamewith.akamaized.net/article_tools/pokemon-sword-shield/gacha/i_814.png
5,006,エースバーン,https://gamewith.akamaized.net/article_tools/pokemon-sword-shield/gacha/i_815.png,https://gamewith.akamaized.net/article_tools/pokemon-sword-shield/gacha/i_815.png
6,007,メッソン,https://gamewith.akamaized.net/article_tools/pokemon-sword-shield/gacha/i_816.png,https://gamewith.akamaized.net/article_tools/pokemon-sword-shield/gacha/i_816.png
7,008,ジメレオン,https://gamewith.akamaized.net/article_tools/pokemon-sword-shield/gacha/i_817.png,https://gamewith.akamaized.net/article_tools/pokemon-sword-shield/gacha/i_817.png
8,009,インテレオン,https://gamewith.akamaized.net/article_tools/pokemon-sword-shield/gacha/i_818.png,https://gamewith.akamaized.net/article_tools/pokemon-sword-shield/gacha/i_818.png
9,010,サッチムシ,https://gamewith.akamaized.net/article_tools/pokemon-sword-shield/gacha/i_824.png,https://gamewith.akamaized.net/article_tools/pokemon-sword-shield/gacha/i_824.png
10,011,レドームシ,https://gamewith.akamaized.net/article_tools/pokemon-sword-shield/gacha/i_825.png,https://gamewith.akamaized.net/article_tools/pokemon-sword-shield/gacha/i_825.png
11,012,イオルブ,https://gamewith.akamaized.net/article_tools/pokemon-sword-shield/gacha/i_826.png,https://gamewith.akamaized.net/article_tools/pokemon-sword-shield/gacha/i_826.png
12,013,キャタピー,https://gamewith.akamaized.net/article_tools/pokemon-sword-shield/gacha/i_010.png,https://gamewith.akamaized.net/article_tools/pokemon-sword-shield/gacha/i_010.png
13,014,トランセル,https://gamewith.akamaized.net/article_tools/pokemon-sword-shield/gacha/i_011.png,https://gamewith.akamaized.net/article_tools/pokemon-sword-shield/gacha/i_011.png
14,015,バタフリー,https://gamewith.akamaized.net/article_tools/pokemon-sword-shield/gacha/i_012.png,https://gamewith.akamaized.net/article_tools/pokemon-sword-shield/gacha/i_012.png
15,016,アゴジムシ,https://gamewith.akamaized.net/article_tools/pokemon-sword-shield/gacha/i_736.png,https://gamewith.akamaized.net/article_tools/pokemon-sword-shield/gacha/i_736.png
16,017,デンヂムシ,https://gamewith.akamaized.net/article_tools/pokemon-sword-shield/gacha/i_737.png,https://gamewith.akamaized.net/article_tools/pokemon-sword-shield/gacha/i_737.png
17,018,クワガノン,https://gamewith.akamaized.net/article_tools/pokemon-sword-shield/gacha/i_738.png,https://gamewith.akamaized.net/article_tools/pokemon-sword-shield/gacha/i_738.png
18,019,ホーホー,https://gamewith.akamaized.net/article_tools/pokemon-sword-shield/gacha/i_163.png,https://gamewith.akamaized.net/article_tools/pokemon-sword-shield/gacha/i_163.png
19,020,ヨルノズク,https://gamewith.akamaized.net/article_tools/pokemon-sword-shield/gacha/i_164.png,https://gamewith.akamaized.net/article_tools/pokemon-sword-shield/gacha/i_164.png
20,021,ココガラ,https://gamewith.akamaized.net/article_tools/pokemon-sword-shield/gacha/i_821.png,https://gamewith.akamaized.net/article_tools/pokemon-sword-shield/gacha/i_821.png
21,022,アオガラス,https://gamewith.akamaized.net/article_tools/pokemon-sword-shield/gacha/i_822.png,https://gamewith.akamaized.net/article_tools/pokemon-sword-shield/gacha/i_822.png
22,023,アーマーガア,https://gamewith.akamaized.net/article_tools/pokemon-sword-shield/gacha/i_823.png,https://gamewith.akamaized.net/article_tools/pokemon-sword-shield/gacha/i_823.png
23,024,ホシガリス,https://gamewith.akamaized.net/article_tools/pokemon-sword-shield/gacha/i_819.png,https://gamewith.akamaized.net/article_tools/pokemon-sword-shield/gacha/i_819.png
24,025,ヨクバリス,https://gamewith.akamaized.net/article_tools/pokemon-sword-shield/gacha/i_820.png,https://gamewith.akamaized.net/article_tools/pokemon-sword-shield/gacha/i_820.png
25,026,マメパト,https://gamewith.akamaized.net/article_tools/pokemon-sword-shield/gacha/i_519.png,https://gamewith.akamaized.net/article_tools/pokemon-sword-shield/gacha/i_519.png
26,027,ハトーボー,https://gamewith.akamaized.net/article_tools/pokemon-sword-shield/gacha/i_520.png,https://gamewith.akamaized.net/article_tools/pokemon-sword-shield/gacha/i_520.png
27,028,ケンホロウ,https://gamewith.akamaized.net/article_tools/pokemon-sword-shield/gacha/i_521.png,https://gamewith.akamaized.net/article_tools/pokemon-sword-shield/gacha/i_521.png
28,029,クスネ,https://gamewith.akamaized.net/article_tools/pokemon-sword-shield/gacha/i_827.png,https://gamewith.akamaized.net/article_tools/pokemon-sword-shield/gacha/i_827.png
29,030,フォクスライ,https://gamewith.akamaized.net/article_tools/pokemon-sword-shield/gacha/i_828.png,https://gamewith.akamaized.net/article_tools/pokemon-sword-shield/gacha/i_828.png
30,031,ガラルジグザグマ,https://gamewith.akamaized.net/article_tools/pokemon-sword-shield/gacha/i_950.png,https://gamewith.akamaized.net/article_tools/pokemon-sword-shield/gacha/i_950.png
31,032,ガラルマッスグマ,https://gamewith.akamaized.net/article_tools/pokemon-sword-shield/gacha/i_951.png,https://gamewith.akamaized.net/article_tools/pokemon-sword-shield/gacha/i_951.png
32,033,タチフサグマ,https://gamewith.akamaized.net/article_tools/pokemon-sword-shield/gacha/i_862.png,https://gamewith.akamaized.net/article_tools/pokemon-sword-shield/gacha/i_862.png
33,034,ウールー,https://gamewith.akamaized.net/article_tools/pokemon-sword-shield/gacha/i_831.png,https://gamewith.akamaized.net/article_tools/pokemon-sword-shield/gacha/i_831.png
34,035,バイウールー,https://gamewith.akamaized.net/article_tools/pokemon-sword-shield/gacha/i_832.png,https://gamewith.akamaized.net/article_tools/pokemon-sword-shield/gacha/i_832.png
35,036,ハスボー,https://gamewith.akamaized.net/article_tools/pokemon-sword-shield/gacha/i_270.png,https://gamewith.akamaized.net/article_tools/pokemon-sword-shield/gacha/i_270.png
36,037,ハスブレロ,https://gamewith.akamaized.net/article_tools/pokemon-sword-shield/gacha/i_271.png,https://gamewith.akamaized.net/article_tools/pokemon-sword-shield/gacha/i_271.png
37,038,ルンパッパ,https://gamewith.akamaized.net/article_tools/pokemon-sword-shield/gacha/i_272.png,https://gamewith.akamaized.net/article_tools/pokemon-sword-shield/gacha/i_272.png
38,039,タネボー,https://gamewith.akamaized.net/article_tools/pokemon-sword-shield/gacha/i_273.png,https://gamewith.akamaized.net/article_tools/pokemon-sword-shield/gacha/i_273.png
39,040,コノハナ,https://gamewith.akamaized.net/article_tools/pokemon-sword-shield/gacha/i_274.png,https://gamewith.akamaized.net/article_tools/pokemon-sword-shield/gacha/i_274.png
40,041,ダーテング,https://gamewith.akamaized.net/article_tools/pokemon-sword-shield/gacha/i_275.png,https://gamewith.akamaized.net/article_tools/pokemon-sword-shield/gacha/i_275.png
41,042,カムカメ,https://gamewith.akamaized.net/article_tools/pokemon-sword-shield/gacha/i_833.png,https://gamewith.akamaized.net/article_tools/pokemon-sword-shield/gacha/i_833.png
42,043,カジリガメ,https://gamewith.akamaized.net/article_tools/pokemon-sword-shield/gacha/i_834.png,https://gamewith.akamaized.net/article_tools/pokemon-sword-shield/gacha/i_834.png
43,044,チョロネコ,https://gamewith.akamaized.net/article_tools/pokemon-sword-shield/gacha/i_509.png,https://gamewith.akamaized.net/article_tools/pokemon-sword-shield/gacha/i_509.png
44,045,レパルダス,https://gamewith.akamaized.net/article_tools/pokemon-sword-shield/gacha/i_510.png,https://gamewith.akamaized.net/article_tools/pokemon-sword-shield/gacha/i_510.png
45,046,ワンパチ,https://gamewith.akamaized.net/article_tools/pokemon-sword-shield/gacha/i_835.png,https://gamewith.akamaized.net/article_tools/pokemon-sword-shield/gacha/i_835.png
46,047,パルスワン,https://gamewith.akamaized.net/article_tools/pokemon-sword-shield/gacha/i_836.png,https://gamewith.akamaized.net/article_tools/pokemon-sword-shield/gacha/i_836.png
47,048,ホルビー,https://gamewith.akamaized.net/article_tools/pokemon-sword-shield/gacha/i_659.png,https://gamewith.akamaized.net/article_tools/pokemon-sword-shield/gacha/i_659.png
48,049,ホルード,https://gamewith.akamaized.net/article_tools/pokemon-sword-shield/gacha/i_660.png,https://gamewith.akamaized.net/article_tools/pokemon-sword-shield/gacha/i_660.png
49,050,チラーミィ,https://gamewith.akamaized.net/article_tools/pokemon-sword-shield/gacha/i_572.png,https://gamewith.akamaized.net/article_tools/pokemon-sword-shield/gacha/i_572.png
50,051,チラチーノ,https://gamewith.akamaized.net/article_tools/pokemon-sword-shield/gacha/i_573.png,https://gamewith.akamaized.net/article_tools/pokemon-sword-shield/gacha/i_573.png
51,052,アマカジ,https://gamewith.akamaized.net/article_tools/pokemon-sword-shield/gacha/i_761.png,https://gamewith.akamaized.net/article_tools/pokemon-sword-shield/gacha/i_761.png
52,053,アママイコ,https://gamewith.akamaized.net/article_tools/pokemon-sword-shield/gacha/i_762.png,https://gamewith.akamaized.net/article_tools/pokemon-sword-shield/gacha/i_762.png
53,054,アマージョ,https://gamewith.akamaized.net/article_tools/pokemon-sword-shield/gacha/i_763.png,https://gamewith.akamaized.net/article_tools/pokemon-sword-shield/gacha/i_763.png
54,055,ナゾノクサ,https://gamewith.akamaized.net/article_tools/pokemon-sword-shield/gacha/i_043.png,https://gamewith.akamaized.net/article_tools/pokemon-sword-shield/gacha/i_043.png
55,056,クサイハナ,https://gamewith.akamaized.net/article_tools/pokemon-sword-shield/gacha/i_044.png,https://gamewith.akamaized.net/article_tools/pokemon-sword-shield/gacha/i_044.png
56,057,ラフレシア,https://gamewith.akamaized.net/article_tools/pokemon-sword-shield/gacha/i_045.png,https://gamewith.akamaized.net/article_tools/pokemon-sword-shield/gacha/i_045.png
57,058,キレイハナ,https://gamewith.akamaized.net/article_tools/pokemon-sword-shield/gacha/i_182.png,https://gamewith.akamaized.net/article_tools/pokemon-sword-shield/gacha/i_182.png
58,059,スボミー,https://gamewith.akamaized.net/article_tools/pokemon-sword-shield/gacha/i_406.png,https://gamewith.akamaized.net/article_tools/pokemon-sword-shield/gacha/i_406.png
59,060,ロゼリア,https://gamewith.akamaized.net/article_tools/pokemon-sword-shield/gacha/i_315.png,https://gamewith.akamaized.net/article_tools/pokemon-sword-shield/gacha/i_315.png
60,061,ロズレイド,https://gamewith.akamaized.net/article_tools/pokemon-sword-shield/gacha/i_407.png,https://gamewith.akamaized.net/article_tools/pokemon-sword-shield/gacha/i_407.png
61,062,キャモメ,https://gamewith.akamaized.net/article_tools/pokemon-sword-shield/gacha/i_278.png,https://gamewith.akamaized.net/article_tools/pokemon-sword-shield/gacha/i_278.png
62,063,ペリッパー,https://gamewith.akamaized.net/article_tools/pokemon-sword-shield/gacha/i_279.png,https://gamewith.akamaized.net/article_tools/pokemon-sword-shield/gacha/i_279.png
63,064,バチュル,https://gamewith.akamaized.net/article_tools/pokemon-sword-shield/gacha/i_595.png,https://gamewith.akamaized.net/article_tools/pokemon-sword-shield/gacha/i_595.png
64,065,デンチュラ,https://gamewith.akamaized.net/article_tools/pokemon-sword-shield/gacha/i_596.png,https://gamewith.akamaized.net/article_tools/pokemon-sword-shield/gacha/i_596.png
65,066,ラクライ,https://gamewith.akamaized.net/article_tools/pokemon-sword-shield/gacha/i_309.png,https://gamewith.akamaized.net/article_tools/pokemon-sword-shield/gacha/i_309.png
66,067,ライボルト,https://gamewith.akamaized.net/article_tools/pokemon-sword-shield/gacha/i_310.png,https://gamewith.akamaized.net/article_tools/pokemon-sword-shield/gacha/i_310.png
67,068,ロコン,https://gamewith.akamaized.net/article_tools/pokemon-sword-shield/gacha/i_037.png,https://gamewith.akamaized.net/article_tools/pokemon-sword-shield/gacha/i_037.png
68,069,キュウコン,https://gamewith.akamaized.net/article_tools/pokemon-sword-shield/gacha/i_038.png,https://gamewith.akamaized.net/article_tools/pokemon-sword-shield/gacha/i_038.png
69,070,ガーディ,https://gamewith.akamaized.net/article_tools/pokemon-sword-shield/gacha/i_058.png,https://gamewith.akamaized.net/article_tools/pokemon-sword-shield/gacha/i_058.png
70,071,ウインディ,https://gamewith.akamaized.net/article_tools/pokemon-sword-shield/gacha/i_059.png,https://gamewith.akamaized.net/article_tools/pokemon-sword-shield/gacha/i_059.png
71,072,バニプッチ,https://gamewith.akamaized.net/article_tools/pokemon-sword-shield/gacha/i_582.png,https://gamewith.akamaized.net/article_tools/pokemon-sword-shield/gacha/i_582.png
72,073,バニリッチ,https://gamewith.akamaized.net/article_tools/pokemon-sword-shield/gacha/i_583.png,https://gamewith.akamaized.net/article_tools/pokemon-sword-shield/gacha/i_583.png
73,074,バイバニラ,https://gamewith.akamaized.net/article_tools/pokemon-sword-shield/gacha/i_584.png,https://gamewith.akamaized.net/article_tools/pokemon-sword-shield/gacha/i_584.png
74,075,ウリムー,https://gamewith.akamaized.net/article_tools/pokemon-sword-shield/gacha/i_220.png,https://gamewith.akamaized.net/article_tools/pokemon-sword-shield/gacha/i_220.png
75,076,イノムー,https://gamewith.akamaized.net/article_tools/pokemon-sword-shield/gacha/i_221.png,https://gamewith.akamaized.net/article_tools/pokemon-sword-shield/gacha/i_221.png
76,077,マンムー,https://gamewith.akamaized.net/article_tools/pokemon-sword-shield/gacha/i_473.png,https://gamewith.akamaized.net/article_tools/pokemon-sword-shield/gacha/i_473.png
77,078,デリバード,https://gamewith.akamaized.net/article_tools/pokemon-sword-shield/gacha/i_225.png,https://gamewith.akamaized.net/article_tools/pokemon-sword-shield/gacha/i_225.png
78,079,ユキワラシ,https://gamewith.akamaized.net/article_tools/pokemon-sword-shield/gacha/i_361.png,https://gamewith.akamaized.net/article_tools/pokemon-sword-shield/gacha/i_361.png
79,080,オニゴーリ,https://gamewith.akamaized.net/article_tools/pokemon-sword-shield/gacha/i_362.png,https://gamewith.akamaized.net/article_tools/pokemon-sword-shield/gacha/i_362.png
80,081,ユキメノコ,https://gamewith.akamaized.net/article_tools/pokemon-sword-shield/gacha/i_478.png,https://gamewith.akamaized.net/article_tools/pokemon-sword-shield/gacha/i_478.png
81,082,ヤジロン,https://gamewith.akamaized.net/article_tools/pokemon-sword-shield/gacha/i_343.png,https://gamewith.akamaized.net/article_tools/pokemon-sword-shield/gacha/i_343.png
82,083,ネンドール,https://gamewith.akamaized.net/article_tools/pokemon-sword-shield/gacha/i_344.png,https://gamewith.akamaized.net/article_tools/pokemon-sword-shield/gacha/i_344.png
83,084,ドロバンコ,https://gamewith.akamaized.net/article_tools/pokemon-sword-shield/gacha/i_749.png,https://gamewith.akamaized.net/article_tools/pokemon-sword-shield/gacha/i_749.png
84,085,バンバドロ,https://gamewith.akamaized.net/article_tools/pokemon-sword-shield/gacha/i_750.png,https://gamewith.akamaized.net/article_tools/pokemon-sword-shield/gacha/i_750.png
85,086,イシズマイ,https://gamewith.akamaized.net/article_tools/pokemon-sword-shield/gacha/i_557.png,https://gamewith.akamaized.net/article_tools/pokemon-sword-shield/gacha/i_557.png
86,087,イワパレス,https://gamewith.akamaized.net/article_tools/pokemon-sword-shield/gacha/i_558.png,https://gamewith.akamaized.net/article_tools/pokemon-sword-shield/gacha/i_558.png
87,088,ゴビット,https://gamewith.akamaized.net/article_tools/pokemon-sword-shield/gacha/i_622.png,https://gamewith.akamaized.net/article_tools/pokemon-sword-shield/gacha/i_622.png
88,089,ゴルーグ,https://gamewith.akamaized.net/article_tools/pokemon-sword-shield/gacha/i_623.png,https://gamewith.akamaized.net/article_tools/pokemon-sword-shield/gacha/i_623.png
89,090,ムンナ,https://gamewith.akamaized.net/article_tools/pokemon-sword-shield/gacha/i_517.png,https://gamewith.akamaized.net/article_tools/pokemon-sword-shield/gacha/i_517.png
90,091,ムシャーナ,https://gamewith.akamaized.net/article_tools/pokemon-sword-shield/gacha/i_518.png,https://gamewith.akamaized.net/article_tools/pokemon-sword-shield/gacha/i_518.png
91,092,ネイティ,https://gamewith.akamaized.net/article_tools/pokemon-sword-shield/gacha/i_177.png,https://gamewith.akamaized.net/article_tools/pokemon-sword-shield/gacha/i_177.png
92,093,ネイティオ,https://gamewith.akamaized.net/article_tools/pokemon-sword-shield/gacha/i_178.png,https://gamewith.akamaized.net/article_tools/pokemon-sword-shield/gacha/i_178.png
93,094,ヌイコグマ,https://gamewith.akamaized.net/article_tools/pokemon-sword-shield/gacha/i_759.png,https://gamewith.akamaized.net/article_tools/pokemon-sword-shield/gacha/i_759.png
94,095,キテルグマ,https://gamewith.akamaized.net/article_tools/pokemon-sword-shield/gacha/i_760.png,https://gamewith.akamaized.net/article_tools/pokemon-sword-shield/gacha/i_760.png
95,096,ユキカブリ,https://gamewith.akamaized.net/article_tools/pokemon-sword-shield/gacha/i_459.png,https://gamewith.akamaized.net/article_tools/pokemon-sword-shield/gacha/i_459.png
96,097,ユキノオー,https://gamewith.akamaized.net/article_tools/pokemon-sword-shield/gacha/i_460.png,https://gamewith.akamaized.net/article_tools/pokemon-sword-shield/gacha/i_460.png
97,098,クラブ,https://gamewith.akamaized.net/article_tools/pokemon-sword-shield/gacha/i_098.png,https://gamewith.akamaized.net/article_tools/pokemon-sword-shield/gacha/i_098.png
98,099,キングラー,https://gamewith.akamaized.net/article_tools/pokemon-sword-shield/gacha/i_099.png,https://gamewith.akamaized.net/article_tools/pokemon-sword-shield/gacha/i_099.png
99,100,ウパー,https://gamewith.akamaized.net/article_tools/pokemon-sword-shield/gacha/i_194.png,https://gamewith.akamaized.net/article_tools/pokemon-sword-shield/gacha/i_194.png
100,101,ヌオー,https://gamewith.akamaized.net/article_tools/pokemon-sword-shield/gacha/i_195.png,https://gamewith.akamaized.net/article_tools/pokemon-sword-shield/gacha/i_195.png
101,102,ヘイガニ,https://gamewith.akamaized.net/article_tools/pokemon-sword-shield/gacha/i_341.png,https://gamewith.akamaized.net/article_tools/pokemon-sword-shield/gacha/i_341.png
102,103,シザリガー,https://gamewith.akamaized.net/article_tools/pokemon-sword-shield/gacha/i_342.png,https://gamewith.akamaized.net/article_tools/pokemon-sword-shield/gacha/i_342.png
103,104,ツチニン,https://gamewith.akamaized.net/article_tools/pokemon-sword-shield/gacha/i_290.png,https://gamewith.akamaized.net/article_tools/pokemon-sword-shield/gacha/i_290.png
104,105,テッカニン,https://gamewith.akamaized.net/article_tools/pokemon-sword-shield/gacha/i_291.png,https://gamewith.akamaized.net/article_tools/pokemon-sword-shield/gacha/i_291.png
105,106,ヌケニン,https://gamewith.akamaized.net/article_tools/pokemon-sword-shield/gacha/i_292.png,https://gamewith.akamaized.net/article_tools/pokemon-sword-shield/gacha/i_292.png
106,107,バルキー,https://gamewith.akamaized.net/article_tools/pokemon-sword-shield/gacha/i_236.png,https://gamewith.akamaized.net/article_tools/pokemon-sword-shield/gacha/i_236.png
107,108,サワムラー,https://gamewith.akamaized.net/article_tools/pokemon-sword-shield/gacha/i_106.png,https://gamewith.akamaized.net/article_tools/pokemon-sword-shield/gacha/i_106.png
108,109,エビワラー,https://gamewith.akamaized.net/article_tools/pokemon-sword-shield/gacha/i_107.png,https://gamewith.akamaized.net/article_tools/pokemon-sword-shield/gacha/i_107.png
109,110,カポエラー,https://gamewith.akamaized.net/article_tools/pokemon-sword-shield/gacha/i_237.png,https://gamewith.akamaized.net/article_tools/pokemon-sword-shield/gacha/i_237.png
110,111,ヤンチャム,https://gamewith.akamaized.net/article_tools/pokemon-sword-shield/gacha/i_674.png,https://gamewith.akamaized.net/article_tools/pokemon-sword-shield/gacha/i_674.png
111,112,ゴロンダ,https://gamewith.akamaized.net/article_tools/pokemon-sword-shield/gacha/i_675.png,https://gamewith.akamaized.net/article_tools/pokemon-sword-shield/gacha/i_675.png
112,113,ギアル,https://gamewith.akamaized.net/article_tools/pokemon-sword-shield/gacha/i_599.png,https://gamewith.akamaized.net/article_tools/pokemon-sword-shield/gacha/i_599.png
113,114,ギギアル,https://gamewith.akamaized.net/article_tools/pokemon-sword-shield/gacha/i_600.png,https://gamewith.akamaized.net/article_tools/pokemon-sword-shield/gacha/i_600.png
114,115,ギギギアル,https://gamewith.akamaized.net/article_tools/pokemon-sword-shield/gacha/i_601.png,https://gamewith.akamaized.net/article_tools/pokemon-sword-shield/gacha/i_601.png
115,116,ミツハニー,https://gamewith.akamaized.net/article_tools/pokemon-sword-shield/gacha/i_415.png,https://gamewith.akamaized.net/article_tools/pokemon-sword-shield/gacha/i_415.png
116,117,ビークイン,https://gamewith.akamaized.net/article_tools/pokemon-sword-shield/gacha/i_416.png,https://gamewith.akamaized.net/article_tools/pokemon-sword-shield/gacha/i_416.png
117,118,ドーミラー,https://gamewith.akamaized.net/article_tools/pokemon-sword-shield/gacha/i_436.png,https://gamewith.akamaized.net/article_tools/pokemon-sword-shield/gacha/i_436.png
118,119,ドータクン,https://gamewith.akamaized.net/article_tools/pokemon-sword-shield/gacha/i_437.png,https://gamewith.akamaized.net/article_tools/pokemon-sword-shield/gacha/i_437.png
119,120,ラルトス,https://gamewith.akamaized.net/article_tools/pokemon-sword-shield/gacha/i_280.png,https://gamewith.akamaized.net/article_tools/pokemon-sword-shield/gacha/i_280.png
120,121,キルリア,https://gamewith.akamaized.net/article_tools/pokemon-sword-shield/gacha/i_281.png,https://gamewith.akamaized.net/article_tools/pokemon-sword-shield/gacha/i_281.png
121,122,サーナイト,https://gamewith.akamaized.net/article_tools/pokemon-sword-shield/gacha/i_282.png,https://gamewith.akamaized.net/article_tools/pokemon-sword-shield/gacha/i_282.png
122,123,エルレイド,https://gamewith.akamaized.net/article_tools/pokemon-sword-shield/gacha/i_475.png,https://gamewith.akamaized.net/article_tools/pokemon-sword-shield/gacha/i_475.png
123,124,フワンテ,https://gamewith.akamaized.net/article_tools/pokemon-sword-shield/gacha/i_425.png,https://gamewith.akamaized.net/article_tools/pokemon-sword-shield/gacha/i_425.png
124,125,フワライド,https://gamewith.akamaized.net/article_tools/pokemon-sword-shield/gacha/i_426.png,https://gamewith.akamaized.net/article_tools/pokemon-sword-shield/gacha/i_426.png
125,126,ヒメンカ,https://gamewith.akamaized.net/article_tools/pokemon-sword-shield/gacha/i_829.png,https://gamewith.akamaized.net/article_tools/pokemon-sword-shield/gacha/i_829.png
126,127,ワタシラガ,https://gamewith.akamaized.net/article_tools/pokemon-sword-shield/gacha/i_830.png,https://gamewith.akamaized.net/article_tools/pokemon-sword-shield/gacha/i_830.png
127,128,チェリンボ,https://gamewith.akamaized.net/article_tools/pokemon-sword-shield/gacha/i_420.png,https://gamewith.akamaized.net/article_tools/pokemon-sword-shield/gacha/i_420.png
128,129,チェリム,https://gamewith.akamaized.net/article_tools/pokemon-sword-shield/gacha/i_421.png,https://gamewith.akamaized.net/article_tools/pokemon-sword-shield/gacha/i_421.png
129,130,スカンプー,https://gamewith.akamaized.net/article_tools/pokemon-sword-shield/gacha/i_434.png,https://gamewith.akamaized.net/article_tools/pokemon-sword-shield/gacha/i_434.png
130,131,スカタンク,https://gamewith.akamaized.net/article_tools/pokemon-sword-shield/gacha/i_435.png,https://gamewith.akamaized.net/article_tools/pokemon-sword-shield/gacha/i_435.png
131,132,オタマロ,https://gamewith.akamaized.net/article_tools/pokemon-sword-shield/gacha/i_535.png,https://gamewith.akamaized.net/article_tools/pokemon-sword-shield/gacha/i_535.png
132,133,ガマガル,https://gamewith.akamaized.net/article_tools/pokemon-sword-shield/gacha/i_536.png,https://gamewith.akamaized.net/article_tools/pokemon-sword-shield/gacha/i_536.png
133,134,ガマゲロゲ,https://gamewith.akamaized.net/article_tools/pokemon-sword-shield/gacha/i_537.png,https://gamewith.akamaized.net/article_tools/pokemon-sword-shield/gacha/i_537.png
134,135,ヨマワル,https://gamewith.akamaized.net/article_tools/pokemon-sword-shield/gacha/i_355.png,https://gamewith.akamaized.net/article_tools/pokemon-sword-shield/gacha/i_355.png
135,136,サマヨール,https://gamewith.akamaized.net/article_tools/pokemon-sword-shield/gacha/i_356.png,https://gamewith.akamaized.net/article_tools/pokemon-sword-shield/gacha/i_356.png
136,137,ヨノワール,https://gamewith.akamaized.net/article_tools/pokemon-sword-shield/gacha/i_477.png,https://gamewith.akamaized.net/article_tools/pokemon-sword-shield/gacha/i_477.png
137,138,ワンリキー,https://gamewith.akamaized.net/article_tools/pokemon-sword-shield/gacha/i_066.png,https://gamewith.akamaized.net/article_tools/pokemon-sword-shield/gacha/i_066.png
138,139,ゴーリキー,https://gamewith.akamaized.net/article_tools/pokemon-sword-shield/gacha/i_067.png,https://gamewith.akamaized.net/article_tools/pokemon-sword-shield/gacha/i_067.png
139,140,カイリキー,https://gamewith.akamaized.net/article_tools/pokemon-sword-shield/gacha/i_068.png,https://gamewith.akamaized.net/article_tools/pokemon-sword-shield/gacha/i_068.png
140,141,ゴース,https://gamewith.akamaized.net/article_tools/pokemon-sword-shield/gacha/i_092.png,https://gamewith.akamaized.net/article_tools/pokemon-sword-shield/gacha/i_092.png
141,142,ゴースト,https://gamewith.akamaized.net/article_tools/pokemon-sword-shield/gacha/i_093.png,https://gamewith.akamaized.net/article_tools/pokemon-sword-shield/gacha/i_093.png
142,143,ゲンガー,https://gamewith.akamaized.net/article_tools/pokemon-sword-shield/gacha/i_094.png,https://gamewith.akamaized.net/article_tools/pokemon-sword-shield/gacha/i_094.png
143,144,コイキング,https://gamewith.akamaized.net/article_tools/pokemon-sword-shield/gacha/i_129.png,https://gamewith.akamaized.net/article_tools/pokemon-sword-shield/gacha/i_129.png
144,145,ギャラドス,https://gamewith.akamaized.net/article_tools/pokemon-sword-shield/gacha/i_130.png,https://gamewith.akamaized.net/article_tools/pokemon-sword-shield/gacha/i_130.png
145,146,トサキント,https://gamewith.akamaized.net/article_tools/pokemon-sword-shield/gacha/i_118.png,https://gamewith.akamaized.net/article_tools/pokemon-sword-shield/gacha/i_118.png
146,147,アズマオウ,https://gamewith.akamaized.net/article_tools/pokemon-sword-shield/gacha/i_119.png,https://gamewith.akamaized.net/article_tools/pokemon-sword-shield/gacha/i_119.png
147,148,テッポウオ,https://gamewith.akamaized.net/article_tools/pokemon-sword-shield/gacha/i_223.png,https://gamewith.akamaized.net/article_tools/pokemon-sword-shield/gacha/i_223.png
148,149,オクタン,https://gamewith.akamaized.net/article_tools/pokemon-sword-shield/gacha/i_224.png,https://gamewith.akamaized.net/article_tools/pokemon-sword-shield/gacha/i_224.png
149,150,シェルダー,https://gamewith.akamaized.net/article_tools/pokemon-sword-shield/gacha/i_090.png,https://gamewith.akamaized.net/article_tools/pokemon-sword-shield/gacha/i_090.png
150,151,パルシェン,https://gamewith.akamaized.net/article_tools/pokemon-sword-shield/gacha/i_091.png,https://gamewith.akamaized.net/article_tools/pokemon-sword-shield/gacha/i_091.png
151,152,ヒンバス,https://gamewith.akamaized.net/article_tools/pokemon-sword-shield/gacha/i_349.png,https://gamewith.akamaized.net/article_tools/pokemon-sword-shield/gacha/i_349.png
152,153,ミロカロス,https://gamewith.akamaized.net/article_tools/pokemon-sword-shield/gacha/i_350.png,https://gamewith.akamaized.net/article_tools/pokemon-sword-shield/gacha/i_350.png
153,154,バスラオ,https://gamewith.akamaized.net/article_tools/pokemon-sword-shield/gacha/i_550.png,https://gamewith.akamaized.net/article_tools/pokemon-sword-shield/gacha/i_550.png
154,155,ヨワシ,https://gamewith.akamaized.net/article_tools/pokemon-sword-shield/gacha/i_746.png,https://gamewith.akamaized.net/article_tools/pokemon-sword-shield/gacha/i_746.png
155,156,ナマコブシ,https://gamewith.akamaized.net/article_tools/pokemon-sword-shield/gacha/i_771.png,https://gamewith.akamaized.net/article_tools/pokemon-sword-shield/gacha/i_771.png
156,157,ヤブクロン,https://gamewith.akamaized.net/article_tools/pokemon-sword-shield/gacha/i_568.png,https://gamewith.akamaized.net/article_tools/pokemon-sword-shield/gacha/i_568.png
157,158,ダストダス,https://gamewith.akamaized.net/article_tools/pokemon-sword-shield/gacha/i_569.png,https://gamewith.akamaized.net/article_tools/pokemon-sword-shield/gacha/i_569.png
158,159,ヤクデ,https://gamewith.akamaized.net/article_tools/pokemon-sword-shield/gacha/i_850.png,https://gamewith.akamaized.net/article_tools/pokemon-sword-shield/gacha/i_850.png
159,160,マルヤクデ,https://gamewith.akamaized.net/article_tools/pokemon-sword-shield/gacha/i_851.png,https://gamewith.akamaized.net/article_tools/pokemon-sword-shield/gacha/i_851.png
160,161,タンドン,https://gamewith.akamaized.net/article_tools/pokemon-sword-shield/gacha/i_837.png,https://gamewith.akamaized.net/article_tools/pokemon-sword-shield/gacha/i_837.png
161,162,トロッゴン,https://gamewith.akamaized.net/article_tools/pokemon-sword-shield/gacha/i_838.png,https://gamewith.akamaized.net/article_tools/pokemon-sword-shield/gacha/i_838.png
162,163,セキタンザン,https://gamewith.akamaized.net/article_tools/pokemon-sword-shield/gacha/i_839.png,https://gamewith.akamaized.net/article_tools/pokemon-sword-shield/gacha/i_839.png
163,164,ディグダ,https://gamewith.akamaized.net/article_tools/pokemon-sword-shield/gacha/i_050.png,https://gamewith.akamaized.net/article_tools/pokemon-sword-shield/gacha/i_050.png
164,165,ダグトリオ,https://gamewith.akamaized.net/article_tools/pokemon-sword-shield/gacha/i_051.png,https://gamewith.akamaized.net/article_tools/pokemon-sword-shield/gacha/i_051.png
165,166,モグリュー,https://gamewith.akamaized.net/article_tools/pokemon-sword-shield/gacha/i_529.png,https://gamewith.akamaized.net/article_tools/pokemon-sword-shield/gacha/i_529.png
166,167,ドリュウズ,https://gamewith.akamaized.net/article_tools/pokemon-sword-shield/gacha/i_530.png,https://gamewith.akamaized.net/article_tools/pokemon-sword-shield/gacha/i_530.png
167,168,ダンゴロ,https://gamewith.akamaized.net/article_tools/pokemon-sword-shield/gacha/i_524.png,https://gamewith.akamaized.net/article_tools/pokemon-sword-shield/gacha/i_524.png
168,169,ガントル,https://gamewith.akamaized.net/article_tools/pokemon-sword-shield/gacha/i_525.png,https://gamewith.akamaized.net/article_tools/pokemon-sword-shield/gacha/i_525.png
169,170,ギガイアス,https://gamewith.akamaized.net/article_tools/pokemon-sword-shield/gacha/i_526.png,https://gamewith.akamaized.net/article_tools/pokemon-sword-shield/gacha/i_526.png
170,171,ドッコラー,https://gamewith.akamaized.net/article_tools/pokemon-sword-shield/gacha/i_532.png,https://gamewith.akamaized.net/article_tools/pokemon-sword-shield/gacha/i_532.png
171,172,ドテッコツ,https://gamewith.akamaized.net/article_tools/pokemon-sword-shield/gacha/i_533.png,https://gamewith.akamaized.net/article_tools/pokemon-sword-shield/gacha/i_533.png
172,173,ローブシン,https://gamewith.akamaized.net/article_tools/pokemon-sword-shield/gacha/i_534.png,https://gamewith.akamaized.net/article_tools/pokemon-sword-shield/gacha/i_534.png
173,174,コロモリ,https://gamewith.akamaized.net/article_tools/pokemon-sword-shield/gacha/i_527.png,https://gamewith.akamaized.net/article_tools/pokemon-sword-shield/gacha/i_527.png
174,175,ココロモリ,https://gamewith.akamaized.net/article_tools/pokemon-sword-shield/gacha/i_528.png,https://gamewith.akamaized.net/article_tools/pokemon-sword-shield/gacha/i_528.png
175,176,オンバット,https://gamewith.akamaized.net/article_tools/pokemon-sword-shield/gacha/i_714.png,https://gamewith.akamaized.net/article_tools/pokemon-sword-shield/gacha/i_714.png
176,177,オンバーン,https://gamewith.akamaized.net/article_tools/pokemon-sword-shield/gacha/i_715.png,https://gamewith.akamaized.net/article_tools/pokemon-sword-shield/gacha/i_715.png
177,178,イワーク,https://gamewith.akamaized.net/article_tools/pokemon-sword-shield/gacha/i_095.png,https://gamewith.akamaized.net/article_tools/pokemon-sword-shield/gacha/i_095.png
178,179,ハガネール,https://gamewith.akamaized.net/article_tools/pokemon-sword-shield/gacha/i_208.png,https://gamewith.akamaized.net/article_tools/pokemon-sword-shield/gacha/i_208.png
179,180,サシカマス,https://gamewith.akamaized.net/article_tools/pokemon-sword-shield/gacha/i_846.png,https://gamewith.akamaized.net/article_tools/pokemon-sword-shield/gacha/i_846.png
180,181,カマスジョー,https://gamewith.akamaized.net/article_tools/pokemon-sword-shield/gacha/i_847.png,https://gamewith.akamaized.net/article_tools/pokemon-sword-shield/gacha/i_847.png
181,182,ニャース,https://gamewith.akamaized.net/article_tools/pokemon-sword-shield/gacha/i_052.png,https://gamewith.akamaized.net/article_tools/pokemon-sword-shield/gacha/i_052.png
182,182,ガラルニャース,https://gamewith.akamaized.net/article_tools/pokemon-sword-shield/gacha/i_908.png,https://gamewith.akamaized.net/article_tools/pokemon-sword-shield/gacha/i_908.png
183,183,ニャイキング,https://gamewith.akamaized.net/article_tools/pokemon-sword-shield/gacha/i_863.png,https://gamewith.akamaized.net/article_tools/pokemon-sword-shield/gacha/i_863.png
184,184,ペルシアン,https://gamewith.akamaized.net/article_tools/pokemon-sword-shield/gacha/i_053.png,https://gamewith.akamaized.net/article_tools/pokemon-sword-shield/gacha/i_053.png
185,185,マホミル,https://gamewith.akamaized.net/article_tools/pokemon-sword-shield/gacha/i_868.png,https://gamewith.akamaized.net/article_tools/pokemon-sword-shield/gacha/i_868.png
186,186,マホイップ,https://gamewith.akamaized.net/article_tools/pokemon-sword-shield/gacha/i_869.png,https://gamewith.akamaized.net/article_tools/pokemon-sword-shield/gacha/i_869.png
187,187,アブリー,https://gamewith.akamaized.net/article_tools/pokemon-sword-shield/gacha/i_742.png,https://gamewith.akamaized.net/article_tools/pokemon-sword-shield/gacha/i_742.png
188,188,アブリボン,https://gamewith.akamaized.net/article_tools/pokemon-sword-shield/gacha/i_743.png,https://gamewith.akamaized.net/article_tools/pokemon-sword-shield/gacha/i_743.png
189,189,テッシード,https://gamewith.akamaized.net/article_tools/pokemon-sword-shield/gacha/i_597.png,https://gamewith.akamaized.net/article_tools/pokemon-sword-shield/gacha/i_597.png
190,190,ナットレイ,https://gamewith.akamaized.net/article_tools/pokemon-sword-shield/gacha/i_598.png,https://gamewith.akamaized.net/article_tools/pokemon-sword-shield/gacha/i_598.png
191,191,バケッチャ,https://gamewith.akamaized.net/article_tools/pokemon-sword-shield/gacha/i_710.png,https://gamewith.akamaized.net/article_tools/pokemon-sword-shield/gacha/i_710.png
192,192,パンプジン,https://gamewith.akamaized.net/article_tools/pokemon-sword-shield/gacha/i_711.png,https://gamewith.akamaized.net/article_tools/pokemon-sword-shield/gacha/i_711.png
193,193,ピチュー,https://gamewith.akamaized.net/article_tools/pokemon-sword-shield/gacha/i_172.png,https://gamewith.akamaized.net/article_tools/pokemon-sword-shield/gacha/i_172.png
194,194,ピカチュウ,https://gamewith.akamaized.net/article_tools/pokemon-sword-shield/gacha/i_025.png,https://gamewith.akamaized.net/article_tools/pokemon-sword-shield/gacha/i_025.png
195,195,ライチュウ,https://gamewith.akamaized.net/article_tools/pokemon-sword-shield/gacha/i_026.png,https://gamewith.akamaized.net/article_tools/pokemon-sword-shield/gacha/i_026.png
196,196,イーブイ,https://gamewith.akamaized.net/article_tools/pokemon-sword-shield/gacha/i_133.png,https://gamewith.akamaized.net/article_tools/pokemon-sword-shield/gacha/i_133.png
197,197,シャワーズ,https://gamewith.akamaized.net/article_tools/pokemon-sword-shield/gacha/i_134.png,https://gamewith.akamaized.net/article_tools/pokemon-sword-shield/gacha/i_134.png
198,198,サンダース,https://gamewith.akamaized.net/article_tools/pokemon-sword-shield/gacha/i_135.png,https://gamewith.akamaized.net/article_tools/pokemon-sword-shield/gacha/i_135.png
199,199,ブースター,https://gamewith.akamaized.net/article_tools/pokemon-sword-shield/gacha/i_136.png,https://gamewith.akamaized.net/article_tools/pokemon-sword-shield/gacha/i_136.png
200,200,エーフィ,https://gamewith.akamaized.net/article_tools/pokemon-sword-shield/gacha/i_196.png,https://gamewith.akamaized.net/article_tools/pokemon-sword-shield/gacha/i_196.png
201,201,ブラッキー,https://gamewith.akamaized.net/article_tools/pokemon-sword-shield/gacha/i_197.png,https://gamewith.akamaized.net/article_tools/pokemon-sword-shield/gacha/i_197.png
202,202,リーフィア,https://gamewith.akamaized.net/article_tools/pokemon-sword-shield/gacha/i_470.png,https://gamewith.akamaized.net/article_tools/pokemon-sword-shield/gacha/i_470.png
203,203,グレイシア,https://gamewith.akamaized.net/article_tools/pokemon-sword-shield/gacha/i_471.png,https://gamewith.akamaized.net/article_tools/pokemon-sword-shield/gacha/i_471.png
204,204,ニンフィア,https://gamewith.akamaized.net/article_tools/pokemon-sword-shield/gacha/i_700.png,https://gamewith.akamaized.net/article_tools/pokemon-sword-shield/gacha/i_700.png
205,205,カジッチュ,https://gamewith.akamaized.net/article_tools/pokemon-sword-shield/gacha/i_840.png,https://gamewith.akamaized.net/article_tools/pokemon-sword-shield/gacha/i_840.png
206,206,アップリュー,https://gamewith.akamaized.net/article_tools/pokemon-sword-shield/gacha/i_841.png,https://gamewith.akamaized.net/article_tools/pokemon-sword-shield/gacha/i_841.png
207,207,タルップル,https://gamewith.akamaized.net/article_tools/pokemon-sword-shield/gacha/i_842.png,https://gamewith.akamaized.net/article_tools/pokemon-sword-shield/gacha/i_842.png
208,208,ニャスパー,https://gamewith.akamaized.net/article_tools/pokemon-sword-shield/gacha/i_677.png,https://gamewith.akamaized.net/article_tools/pokemon-sword-shield/gacha/i_677.png
209,209,ニャオニクス,https://gamewith.akamaized.net/article_tools/pokemon-sword-shield/gacha/i_678.png,https://gamewith.akamaized.net/article_tools/pokemon-sword-shield/gacha/i_678.png
210,209,ニャオニクス♀,https://gamewith.akamaized.net/article_tools/pokemon-sword-shield/gacha/i_1097.png,https://gamewith.akamaized.net/article_tools/pokemon-sword-shield/gacha/i_1097.png
211,210,ペロッパフ,https://gamewith.akamaized.net/article_tools/pokemon-sword-shield/gacha/i_684.png,https://gamewith.akamaized.net/article_tools/pokemon-sword-shield/gacha/i_684.png
212,211,ペロリーム,https://gamewith.akamaized.net/article_tools/pokemon-sword-shield/gacha/i_685.png,https://gamewith.akamaized.net/article_tools/pokemon-sword-shield/gacha/i_685.png
213,212,シュシュプ,https://gamewith.akamaized.net/article_tools/pokemon-sword-shield/gacha/i_682.png,https://gamewith.akamaized.net/article_tools/pokemon-sword-shield/gacha/i_682.png
214,213,フレフワン,https://gamewith.akamaized.net/article_tools/pokemon-sword-shield/gacha/i_683.png,https://gamewith.akamaized.net/article_tools/pokemon-sword-shield/gacha/i_683.png
215,214,シズクモ,https://gamewith.akamaized.net/article_tools/pokemon-sword-shield/gacha/i_751.png,https://gamewith.akamaized.net/article_tools/pokemon-sword-shield/gacha/i_751.png
216,215,オニシズクモ,https://gamewith.akamaized.net/article_tools/pokemon-sword-shield/gacha/i_752.png,https://gamewith.akamaized.net/article_tools/pokemon-sword-shield/gacha/i_752.png
217,216,ソーナノ,https://gamewith.akamaized.net/article_tools/pokemon-sword-shield/gacha/i_360.png,https://gamewith.akamaized.net/article_tools/pokemon-sword-shield/gacha/i_360.png
218,217,ソーナンス,https://gamewith.akamaized.net/article_tools/pokemon-sword-shield/gacha/i_202.png,https://gamewith.akamaized.net/article_tools/pokemon-sword-shield/gacha/i_202.png
219,218,ガラルカモネギ,https://gamewith.akamaized.net/article_tools/pokemon-sword-shield/gacha/i_915.png,https://gamewith.akamaized.net/article_tools/pokemon-sword-shield/gacha/i_915.png
220,219,ネギガナイト,https://gamewith.akamaized.net/article_tools/pokemon-sword-shield/gacha/i_865.png,https://gamewith.akamaized.net/article_tools/pokemon-sword-shield/gacha/i_865.png
221,220,チョンチー,https://gamewith.akamaized.net/article_tools/pokemon-sword-shield/gacha/i_170.png,https://gamewith.akamaized.net/article_tools/pokemon-sword-shield/gacha/i_170.png
222,221,ランターン,https://gamewith.akamaized.net/article_tools/pokemon-sword-shield/gacha/i_171.png,https://gamewith.akamaized.net/article_tools/pokemon-sword-shield/gacha/i_171.png
223,222,グレッグル,https://gamewith.akamaized.net/article_tools/pokemon-sword-shield/gacha/i_453.png,https://gamewith.akamaized.net/article_tools/pokemon-sword-shield/gacha/i_453.png
224,223,ドクロッグ,https://gamewith.akamaized.net/article_tools/pokemon-sword-shield/gacha/i_454.png,https://gamewith.akamaized.net/article_tools/pokemon-sword-shield/gacha/i_454.png
225,224,ズルッグ,https://gamewith.akamaized.net/article_tools/pokemon-sword-shield/gacha/i_559.png,https://gamewith.akamaized.net/article_tools/pokemon-sword-shield/gacha/i_559.png
226,225,ズルズキン,https://gamewith.akamaized.net/article_tools/pokemon-sword-shield/gacha/i_560.png,https://gamewith.akamaized.net/article_tools/pokemon-sword-shield/gacha/i_560.png
227,226,ガラルマッギョ,https://gamewith.akamaized.net/article_tools/pokemon-sword-shield/gacha/i_1004.png,https://gamewith.akamaized.net/article_tools/pokemon-sword-shield/gacha/i_1004.png
228,227,ツボツボ,https://gamewith.akamaized.net/article_tools/pokemon-sword-shield/gacha/i_213.png,https://gamewith.akamaized.net/article_tools/pokemon-sword-shield/gacha/i_213.png
229,228,ドジョッチ,https://gamewith.akamaized.net/article_tools/pokemon-sword-shield/gacha/i_339.png,https://gamewith.akamaized.net/article_tools/pokemon-sword-shield/gacha/i_339.png
230,229,ナマズン,https://gamewith.akamaized.net/article_tools/pokemon-sword-shield/gacha/i_340.png,https://gamewith.akamaized.net/article_tools/pokemon-sword-shield/gacha/i_340.png
231,230,カラナクシ,https://gamewith.akamaized.net/article_tools/pokemon-sword-shield/gacha/i_422.png,https://gamewith.akamaized.net/article_tools/pokemon-sword-shield/gacha/i_422.png
232,231,トリトドン,https://gamewith.akamaized.net/article_tools/pokemon-sword-shield/gacha/i_423.png,https://gamewith.akamaized.net/article_tools/pokemon-sword-shield/gacha/i_423.png
233,232,コソクムシ,https://gamewith.akamaized.net/article_tools/pokemon-sword-shield/gacha/i_767.png,https://gamewith.akamaized.net/article_tools/pokemon-sword-shield/gacha/i_767.png
234,233,グソクムシャ,https://gamewith.akamaized.net/article_tools/pokemon-sword-shield/gacha/i_768.png,https://gamewith.akamaized.net/article_tools/pokemon-sword-shield/gacha/i_768.png
235,234,カメテテ,https://gamewith.akamaized.net/article_tools/pokemon-sword-shield/gacha/i_688.png,https://gamewith.akamaized.net/article_tools/pokemon-sword-shield/gacha/i_688.png
236,235,ガメノデス,https://gamewith.akamaized.net/article_tools/pokemon-sword-shield/gacha/i_689.png,https://gamewith.akamaized.net/article_tools/pokemon-sword-shield/gacha/i_689.png
237,236,ガラルサニーゴ,https://gamewith.akamaized.net/article_tools/pokemon-sword-shield/gacha/i_949.png,https://gamewith.akamaized.net/article_tools/pokemon-sword-shield/gacha/i_949.png
238,237,サニゴーン,https://gamewith.akamaized.net/article_tools/pokemon-sword-shield/gacha/i_864.png,https://gamewith.akamaized.net/article_tools/pokemon-sword-shield/gacha/i_864.png
239,238,ベロバー,https://gamewith.akamaized.net/article_tools/pokemon-sword-shield/gacha/i_859.png,https://gamewith.akamaized.net/article_tools/pokemon-sword-shield/gacha/i_859.png
240,239,ギモー,https://gamewith.akamaized.net/article_tools/pokemon-sword-shield/gacha/i_860.png,https://gamewith.akamaized.net/article_tools/pokemon-sword-shield/gacha/i_860.png
241,240,オーロンゲ,https://gamewith.akamaized.net/article_tools/pokemon-sword-shield/gacha/i_861.png,https://gamewith.akamaized.net/article_tools/pokemon-sword-shield/gacha/i_861.png
242,241,ミブリム,https://gamewith.akamaized.net/article_tools/pokemon-sword-shield/gacha/i_856.png,https://gamewith.akamaized.net/article_tools/pokemon-sword-shield/gacha/i_856.png
243,242,テブリム,https://gamewith.akamaized.net/article_tools/pokemon-sword-shield/gacha/i_857.png,https://gamewith.akamaized.net/article_tools/pokemon-sword-shield/gacha/i_857.png
244,243,ブリムオン,https://gamewith.akamaized.net/article_tools/pokemon-sword-shield/gacha/i_858.png,https://gamewith.akamaized.net/article_tools/pokemon-sword-shield/gacha/i_858.png
245,244,ヤトウモリ,https://gamewith.akamaized.net/article_tools/pokemon-sword-shield/gacha/i_757.png,https://gamewith.akamaized.net/article_tools/pokemon-sword-shield/gacha/i_757.png
246,245,エンニュート,https://gamewith.akamaized.net/article_tools/pokemon-sword-shield/gacha/i_758.png,https://gamewith.akamaized.net/article_tools/pokemon-sword-shield/gacha/i_758.png
247,246,コマタナ,https://gamewith.akamaized.net/article_tools/pokemon-sword-shield/gacha/i_624.png,https://gamewith.akamaized.net/article_tools/pokemon-sword-shield/gacha/i_624.png
248,247,キリキザン,https://gamewith.akamaized.net/article_tools/pokemon-sword-shield/gacha/i_625.png,https://gamewith.akamaized.net/article_tools/pokemon-sword-shield/gacha/i_625.png
249,248,ナゲキ,https://gamewith.akamaized.net/article_tools/pokemon-sword-shield/gacha/i_538.png,https://gamewith.akamaized.net/article_tools/pokemon-sword-shield/gacha/i_538.png
250,249,ダゲキ,https://gamewith.akamaized.net/article_tools/pokemon-sword-shield/gacha/i_539.png,https://gamewith.akamaized.net/article_tools/pokemon-sword-shield/gacha/i_539.png
251,250,ドガース,https://gamewith.akamaized.net/article_tools/pokemon-sword-shield/gacha/i_109.png,https://gamewith.akamaized.net/article_tools/pokemon-sword-shield/gacha/i_109.png
252,251,ガラルマタドガス,https://gamewith.akamaized.net/article_tools/pokemon-sword-shield/gacha/i_920.png,https://gamewith.akamaized.net/article_tools/pokemon-sword-shield/gacha/i_920.png
253,252,ウソハチ,https://gamewith.akamaized.net/article_tools/pokemon-sword-shield/gacha/i_438.png,https://gamewith.akamaized.net/article_tools/pokemon-sword-shield/gacha/i_438.png
254,253,ウソッキー,https://gamewith.akamaized.net/article_tools/pokemon-sword-shield/gacha/i_185.png,https://gamewith.akamaized.net/article_tools/pokemon-sword-shield/gacha/i_185.png
255,254,ピィ,https://gamewith.akamaized.net/article_tools/pokemon-sword-shield/gacha/i_173.png,https://gamewith.akamaized.net/article_tools/pokemon-sword-shield/gacha/i_173.png
256,255,ピッピ,https://gamewith.akamaized.net/article_tools/pokemon-sword-shield/gacha/i_035.png,https://gamewith.akamaized.net/article_tools/pokemon-sword-shield/gacha/i_035.png
257,256,ピクシー,https://gamewith.akamaized.net/article_tools/pokemon-sword-shield/gacha/i_036.png,https://gamewith.akamaized.net/article_tools/pokemon-sword-shield/gacha/i_036.png
258,257,トゲピー,https://gamewith.akamaized.net/article_tools/pokemon-sword-shield/gacha/i_175.png,https://gamewith.akamaized.net/article_tools/pokemon-sword-shield/gacha/i_175.png
259,258,トゲチック,https://gamewith.akamaized.net/article_tools/pokemon-sword-shield/gacha/i_176.png,https://gamewith.akamaized.net/article_tools/pokemon-sword-shield/gacha/i_176.png
260,259,トゲキッス,https://gamewith.akamaized.net/article_tools/pokemon-sword-shield/gacha/i_468.png,https://gamewith.akamaized.net/article_tools/pokemon-sword-shield/gacha/i_468.png
261,260,ゴンベ,https://gamewith.akamaized.net/article_tools/pokemon-sword-shield/gacha/i_446.png,https://gamewith.akamaized.net/article_tools/pokemon-sword-shield/gacha/i_446.png
262,261,カビゴン,https://gamewith.akamaized.net/article_tools/pokemon-sword-shield/gacha/i_143.png,https://gamewith.akamaized.net/article_tools/pokemon-sword-shield/gacha/i_143.png
263,262,モンメン,https://gamewith.akamaized.net/article_tools/pokemon-sword-shield/gacha/i_546.png,https://gamewith.akamaized.net/article_tools/pokemon-sword-shield/gacha/i_546.png
264,263,エルフーン,https://gamewith.akamaized.net/article_tools/pokemon-sword-shield/gacha/i_547.png,https://gamewith.akamaized.net/article_tools/pokemon-sword-shield/gacha/i_547.png
265,264,サイホーン,https://gamewith.akamaized.net/article_tools/pokemon-sword-shield/gacha/i_111.png,https://gamewith.akamaized.net/article_tools/pokemon-sword-shield/gacha/i_111.png
266,265,サイドン,https://gamewith.akamaized.net/article_tools/pokemon-sword-shield/gacha/i_112.png,https://gamewith.akamaized.net/article_tools/pokemon-sword-shield/gacha/i_112.png
267,266,ドサイドン,https://gamewith.akamaized.net/article_tools/pokemon-sword-shield/gacha/i_464.png,https://gamewith.akamaized.net/article_tools/pokemon-sword-shield/gacha/i_464.png
268,267,ゴチム,https://gamewith.akamaized.net/article_tools/pokemon-sword-shield/gacha/i_574.png,https://gamewith.akamaized.net/article_tools/pokemon-sword-shield/gacha/i_574.png
269,268,ゴチミル,https://gamewith.akamaized.net/article_tools/pokemon-sword-shield/gacha/i_575.png,https://gamewith.akamaized.net/article_tools/pokemon-sword-shield/gacha/i_575.png
270,269,ゴチルゼル,https://gamewith.akamaized.net/article_tools/pokemon-sword-shield/gacha/i_576.png,https://gamewith.akamaized.net/article_tools/pokemon-sword-shield/gacha/i_576.png
271,270,ユニラン,https://gamewith.akamaized.net/article_tools/pokemon-sword-shield/gacha/i_577.png,https://gamewith.akamaized.net/article_tools/pokemon-sword-shield/gacha/i_577.png
272,271,ダブラン,https://gamewith.akamaized.net/article_tools/pokemon-sword-shield/gacha/i_578.png,https://gamewith.akamaized.net/article_tools/pokemon-sword-shield/gacha/i_578.png
273,272,ランクルス,https://gamewith.akamaized.net/article_tools/pokemon-sword-shield/gacha/i_579.png,https://gamewith.akamaized.net/article_tools/pokemon-sword-shield/gacha/i_579.png
274,273,カブルモ,https://gamewith.akamaized.net/article_tools/pokemon-sword-shield/gacha/i_588.png,https://gamewith.akamaized.net/article_tools/pokemon-sword-shield/gacha/i_588.png
275,274,シュバルゴ,https://gamewith.akamaized.net/article_tools/pokemon-sword-shield/gacha/i_589.png,https://gamewith.akamaized.net/article_tools/pokemon-sword-shield/gacha/i_589.png
276,275,チョボマキ,https://gamewith.akamaized.net/article_tools/pokemon-sword-shield/gacha/i_616.png,https://gamewith.akamaized.net/article_tools/pokemon-sword-shield/gacha/i_616.png
277,276,アギルダー,https://gamewith.akamaized.net/article_tools/pokemon-sword-shield/gacha/i_617.png,https://gamewith.akamaized.net/article_tools/pokemon-sword-shield/gacha/i_617.png
278,277,リグレー,https://gamewith.akamaized.net/article_tools/pokemon-sword-shield/gacha/i_605.png,https://gamewith.akamaized.net/article_tools/pokemon-sword-shield/gacha/i_605.png
279,278,オーベム,https://gamewith.akamaized.net/article_tools/pokemon-sword-shield/gacha/i_606.png,https://gamewith.akamaized.net/article_tools/pokemon-sword-shield/gacha/i_606.png
280,279,クマシュン,https://gamewith.akamaized.net/article_tools/pokemon-sword-shield/gacha/i_613.png,https://gamewith.akamaized.net/article_tools/pokemon-sword-shield/gacha/i_613.png
281,280,ツンベアー,https://gamewith.akamaized.net/article_tools/pokemon-sword-shield/gacha/i_614.png,https://gamewith.akamaized.net/article_tools/pokemon-sword-shield/gacha/i_614.png
282,281,ワシボン,https://gamewith.akamaized.net/article_tools/pokemon-sword-shield/gacha/i_627.png,https://gamewith.akamaized.net/article_tools/pokemon-sword-shield/gacha/i_627.png
283,282,ウォーグル,https://gamewith.akamaized.net/article_tools/pokemon-sword-shield/gacha/i_628.png,https://gamewith.akamaized.net/article_tools/pokemon-sword-shield/gacha/i_628.png
284,283,バルチャイ,https://gamewith.akamaized.net/article_tools/pokemon-sword-shield/gacha/i_629.png,https://gamewith.akamaized.net/article_tools/pokemon-sword-shield/gacha/i_629.png
285,284,バルジーナ,https://gamewith.akamaized.net/article_tools/pokemon-sword-shield/gacha/i_630.png,https://gamewith.akamaized.net/article_tools/pokemon-sword-shield/gacha/i_630.png
286,285,スコルピ,https://gamewith.akamaized.net/article_tools/pokemon-sword-shield/gacha/i_451.png,https://gamewith.akamaized.net/article_tools/pokemon-sword-shield/gacha/i_451.png
287,286,ドラピオン,https://gamewith.akamaized.net/article_tools/pokemon-sword-shield/gacha/i_452.png,https://gamewith.akamaized.net/article_tools/pokemon-sword-shield/gacha/i_452.png
288,287,ヒトモシ,https://gamewith.akamaized.net/article_tools/pokemon-sword-shield/gacha/i_607.png,https://gamewith.akamaized.net/article_tools/pokemon-sword-shield/gacha/i_607.png
289,288,ランプラー,https://gamewith.akamaized.net/article_tools/pokemon-sword-shield/gacha/i_608.png,https://gamewith.akamaized.net/article_tools/pokemon-sword-shield/gacha/i_608.png
290,289,シャンデラ,https://gamewith.akamaized.net/article_tools/pokemon-sword-shield/gacha/i_609.png,https://gamewith.akamaized.net/article_tools/pokemon-sword-shield/gacha/i_609.png
291,290,マーイーカ,https://gamewith.akamaized.net/article_tools/pokemon-sword-shield/gacha/i_686.png,https://gamewith.akamaized.net/article_tools/pokemon-sword-shield/gacha/i_686.png
292,291,カラマネロ,https://gamewith.akamaized.net/article_tools/pokemon-sword-shield/gacha/i_687.png,https://gamewith.akamaized.net/article_tools/pokemon-sword-shield/gacha/i_687.png
293,292,ニューラ,https://gamewith.akamaized.net/article_tools/pokemon-sword-shield/gacha/i_215.png,https://gamewith.akamaized.net/article_tools/pokemon-sword-shield/gacha/i_215.png
294,293,マニューラ,https://gamewith.akamaized.net/article_tools/pokemon-sword-shield/gacha/i_461.png,https://gamewith.akamaized.net/article_tools/pokemon-sword-shield/gacha/i_461.png
295,294,ヤミラミ,https://gamewith.akamaized.net/article_tools/pokemon-sword-shield/gacha/i_302.png,https://gamewith.akamaized.net/article_tools/pokemon-sword-shield/gacha/i_302.png
296,295,クチート,https://gamewith.akamaized.net/article_tools/pokemon-sword-shield/gacha/i_303.png,https://gamewith.akamaized.net/article_tools/pokemon-sword-shield/gacha/i_303.png
297,296,マラカッチ,https://gamewith.akamaized.net/article_tools/pokemon-sword-shield/gacha/i_556.png,https://gamewith.akamaized.net/article_tools/pokemon-sword-shield/gacha/i_556.png
298,297,シンボラー,https://gamewith.akamaized.net/article_tools/pokemon-sword-shield/gacha/i_561.png,https://gamewith.akamaized.net/article_tools/pokemon-sword-shield/gacha/i_561.png
299,298,リオル,https://gamewith.akamaized.net/article_tools/pokemon-sword-shield/gacha/i_447.png,https://gamewith.akamaized.net/article_tools/pokemon-sword-shield/gacha/i_447.png
300,299,ルカリオ,https://gamewith.akamaized.net/article_tools/pokemon-sword-shield/gacha/i_448.png,https://gamewith.akamaized.net/article_tools/pokemon-sword-shield/gacha/i_448.png
301,300,コータス,https://gamewith.akamaized.net/article_tools/pokemon-sword-shield/gacha/i_324.png,https://gamewith.akamaized.net/article_tools/pokemon-sword-shield/gacha/i_324.png
302,301,ミミッキュ,https://gamewith.akamaized.net/article_tools/pokemon-sword-shield/gacha/i_778.png,https://gamewith.akamaized.net/article_tools/pokemon-sword-shield/gacha/i_778.png
303,302,ゾウドウ,https://gamewith.akamaized.net/article_tools/pokemon-sword-shield/gacha/i_878.png,https://gamewith.akamaized.net/article_tools/pokemon-sword-shield/gacha/i_878.png
304,303,ダイオウドウ,https://gamewith.akamaized.net/article_tools/pokemon-sword-shield/gacha/i_879.png,https://gamewith.akamaized.net/article_tools/pokemon-sword-shield/gacha/i_879.png
305,304,ハリーセン,https://gamewith.akamaized.net/article_tools/pokemon-sword-shield/gacha/i_211.png,https://gamewith.akamaized.net/article_tools/pokemon-sword-shield/gacha/i_211.png
306,305,プルリル,https://gamewith.akamaized.net/article_tools/pokemon-sword-shield/gacha/i_592.png,https://gamewith.akamaized.net/article_tools/pokemon-sword-shield/gacha/i_592.png
307,306,ブルンゲル,https://gamewith.akamaized.net/article_tools/pokemon-sword-shield/gacha/i_593.png,https://gamewith.akamaized.net/article_tools/pokemon-sword-shield/gacha/i_593.png
308,307,ヒドイデ,https://gamewith.akamaized.net/article_tools/pokemon-sword-shield/gacha/i_747.png,https://gamewith.akamaized.net/article_tools/pokemon-sword-shield/gacha/i_747.png
309,308,ドヒドイデ,https://gamewith.akamaized.net/article_tools/pokemon-sword-shield/gacha/i_748.png,https://gamewith.akamaized.net/article_tools/pokemon-sword-shield/gacha/i_748.png
310,309,ウッウ,https://gamewith.akamaized.net/article_tools/pokemon-sword-shield/gacha/i_845.png,https://gamewith.akamaized.net/article_tools/pokemon-sword-shield/gacha/i_845.png
311,310,エレズン,https://gamewith.akamaized.net/article_tools/pokemon-sword-shield/gacha/i_848.png,https://gamewith.akamaized.net/article_tools/pokemon-sword-shield/gacha/i_848.png
312,311,ストリンダー,https://gamewith.akamaized.net/article_tools/pokemon-sword-shield/gacha/i_849.png,https://gamewith.akamaized.net/article_tools/pokemon-sword-shield/gacha/i_849.png
313,311,ストリンダー(ロー),https://gamewith.akamaized.net/article_tools/pokemon-sword-shield/gacha/i_1154.png,https://gamewith.akamaized.net/article_tools/pokemon-sword-shield/gacha/i_1154.png
314,312,スナヘビ,https://gamewith.akamaized.net/article_tools/pokemon-sword-shield/gacha/i_843.png,https://gamewith.akamaized.net/article_tools/pokemon-sword-shield/gacha/i_843.png
315,313,サダイジャ,https://gamewith.akamaized.net/article_tools/pokemon-sword-shield/gacha/i_844.png,https://gamewith.akamaized.net/article_tools/pokemon-sword-shield/gacha/i_844.png
316,314,ヒポポタス,https://gamewith.akamaized.net/article_tools/pokemon-sword-shield/gacha/i_449.png,https://gamewith.akamaized.net/article_tools/pokemon-sword-shield/gacha/i_449.png
317,315,カバルドン,https://gamewith.akamaized.net/article_tools/pokemon-sword-shield/gacha/i_450.png,https://gamewith.akamaized.net/article_tools/pokemon-sword-shield/gacha/i_450.png
318,316,アイアント,https://gamewith.akamaized.net/article_tools/pokemon-sword-shield/gacha/i_632.png,https://gamewith.akamaized.net/article_tools/pokemon-sword-shield/gacha/i_632.png
319,317,クイタラン,https://gamewith.akamaized.net/article_tools/pokemon-sword-shield/gacha/i_631.png,https://gamewith.akamaized.net/article_tools/pokemon-sword-shield/gacha/i_631.png
320,318,エリキテル,https://gamewith.akamaized.net/article_tools/pokemon-sword-shield/gacha/i_694.png,https://gamewith.akamaized.net/article_tools/pokemon-sword-shield/gacha/i_694.png
321,319,エレザード,https://gamewith.akamaized.net/article_tools/pokemon-sword-shield/gacha/i_695.png,https://gamewith.akamaized.net/article_tools/pokemon-sword-shield/gacha/i_695.png
322,320,ルチャブル,https://gamewith.akamaized.net/article_tools/pokemon-sword-shield/gacha/i_701.png,https://gamewith.akamaized.net/article_tools/pokemon-sword-shield/gacha/i_701.png
323,321,ナックラー,https://gamewith.akamaized.net/article_tools/pokemon-sword-shield/gacha/i_328.png,https://gamewith.akamaized.net/article_tools/pokemon-sword-shield/gacha/i_328.png
324,322,ビブラーバ,https://gamewith.akamaized.net/article_tools/pokemon-sword-shield/gacha/i_329.png,https://gamewith.akamaized.net/article_tools/pokemon-sword-shield/gacha/i_329.png
325,323,フライゴン,https://gamewith.akamaized.net/article_tools/pokemon-sword-shield/gacha/i_330.png,https://gamewith.akamaized.net/article_tools/pokemon-sword-shield/gacha/i_330.png
326,324,キバゴ,https://gamewith.akamaized.net/article_tools/pokemon-sword-shield/gacha/i_610.png,https://gamewith.akamaized.net/article_tools/pokemon-sword-shield/gacha/i_610.png
327,325,オノンド,https://gamewith.akamaized.net/article_tools/pokemon-sword-shield/gacha/i_611.png,https://gamewith.akamaized.net/article_tools/pokemon-sword-shield/gacha/i_611.png
328,326,オノノクス,https://gamewith.akamaized.net/article_tools/pokemon-sword-shield/gacha/i_612.png,https://gamewith.akamaized.net/article_tools/pokemon-sword-shield/gacha/i_612.png
329,327,デスマス,https://gamewith.akamaized.net/article_tools/pokemon-sword-shield/gacha/i_562.png,https://gamewith.akamaized.net/article_tools/pokemon-sword-shield/gacha/i_562.png
330,327,ガラルデスマス,https://gamewith.akamaized.net/article_tools/pokemon-sword-shield/gacha/i_997.png,https://gamewith.akamaized.net/article_tools/pokemon-sword-shield/gacha/i_997.png
331,328,デスバーン,https://gamewith.akamaized.net/article_tools/pokemon-sword-shield/gacha/i_867.png,https://gamewith.akamaized.net/article_tools/pokemon-sword-shield/gacha/i_867.png
332,329,デスカーン,https://gamewith.akamaized.net/article_tools/pokemon-sword-shield/gacha/i_563.png,https://gamewith.akamaized.net/article_tools/pokemon-sword-shield/gacha/i_563.png
333,330,ヒトツキ,https://gamewith.akamaized.net/article_tools/pokemon-sword-shield/gacha/i_679.png,https://gamewith.akamaized.net/article_tools/pokemon-sword-shield/gacha/i_679.png
334,331,ニダンギル,https://gamewith.akamaized.net/article_tools/pokemon-sword-shield/gacha/i_680.png,https://gamewith.akamaized.net/article_tools/pokemon-sword-shield/gacha/i_680.png
335,332,ギルガルド,https://gamewith.akamaized.net/article_tools/pokemon-sword-shield/gacha/i_681.png,https://gamewith.akamaized.net/article_tools/pokemon-sword-shield/gacha/i_681.png
336,333,ガラルポニータ,https://gamewith.akamaized.net/article_tools/pokemon-sword-shield/gacha/i_913.png,https://gamewith.akamaized.net/article_tools/pokemon-sword-shield/gacha/i_913.png
337,334,ガラルギャロップ,https://gamewith.akamaized.net/article_tools/pokemon-sword-shield/gacha/i_914.png,https://gamewith.akamaized.net/article_tools/pokemon-sword-shield/gacha/i_914.png
338,335,ヤバチャ,https://gamewith.akamaized.net/article_tools/pokemon-sword-shield/gacha/i_854.png,https://gamewith.akamaized.net/article_tools/pokemon-sword-shield/gacha/i_854.png
339,336,ポットデス,https://gamewith.akamaized.net/article_tools/pokemon-sword-shield/gacha/i_855.png,https://gamewith.akamaized.net/article_tools/pokemon-sword-shield/gacha/i_855.png
340,337,イエッサン,https://gamewith.akamaized.net/article_tools/pokemon-sword-shield/gacha/i_876.png,https://gamewith.akamaized.net/article_tools/pokemon-sword-shield/gacha/i_876.png
341,337,イエッサン♀,https://gamewith.akamaized.net/article_tools/pokemon-sword-shield/gacha/i_1166.png,https://gamewith.akamaized.net/article_tools/pokemon-sword-shield/gacha/i_1166.png
342,338,ボクレー,https://gamewith.akamaized.net/article_tools/pokemon-sword-shield/gacha/i_708.png,https://gamewith.akamaized.net/article_tools/pokemon-sword-shield/gacha/i_708.png
343,339,オーロット,https://gamewith.akamaized.net/article_tools/pokemon-sword-shield/gacha/i_709.png,https://gamewith.akamaized.net/article_tools/pokemon-sword-shield/gacha/i_709.png
344,340,ネマシュ,https://gamewith.akamaized.net/article_tools/pokemon-sword-shield/gacha/i_755.png,https://gamewith.akamaized.net/article_tools/pokemon-sword-shield/gacha/i_755.png
345,341,マシェード,https://gamewith.akamaized.net/article_tools/pokemon-sword-shield/gacha/i_756.png,https://gamewith.akamaized.net/article_tools/pokemon-sword-shield/gacha/i_756.png
346,342,ヤレユータン,https://gamewith.akamaized.net/article_tools/pokemon-sword-shield/gacha/i_765.png,https://gamewith.akamaized.net/article_tools/pokemon-sword-shield/gacha/i_765.png
347,343,ナゲツケサル,https://gamewith.akamaized.net/article_tools/pokemon-sword-shield/gacha/i_766.png,https://gamewith.akamaized.net/article_tools/pokemon-sword-shield/gacha/i_766.png
348,344,モルペコ,https://gamewith.akamaized.net/article_tools/pokemon-sword-shield/gacha/i_877.png,https://gamewith.akamaized.net/article_tools/pokemon-sword-shield/gacha/i_877.png
349,345,タイレーツ,https://gamewith.akamaized.net/article_tools/pokemon-sword-shield/gacha/i_870.png,https://gamewith.akamaized.net/article_tools/pokemon-sword-shield/gacha/i_870.png
350,346,ジジーロン,https://gamewith.akamaized.net/article_tools/pokemon-sword-shield/gacha/i_780.png,https://gamewith.akamaized.net/article_tools/pokemon-sword-shield/gacha/i_780.png
351,347,バクガメス,https://gamewith.akamaized.net/article_tools/pokemon-sword-shield/gacha/i_776.png,https://gamewith.akamaized.net/article_tools/pokemon-sword-shield/gacha/i_776.png
352,348,トゲデマル,https://gamewith.akamaized.net/article_tools/pokemon-sword-shield/gacha/i_777.png,https://gamewith.akamaized.net/article_tools/pokemon-sword-shield/gacha/i_777.png
353,349,ユキハミ,https://gamewith.akamaized.net/article_tools/pokemon-sword-shield/gacha/i_872.png,https://gamewith.akamaized.net/article_tools/pokemon-sword-shield/gacha/i_872.png
354,350,モスノウ,https://gamewith.akamaized.net/article_tools/pokemon-sword-shield/gacha/i_873.png,https://gamewith.akamaized.net/article_tools/pokemon-sword-shield/gacha/i_873.png
355,351,タタッコ,https://gamewith.akamaized.net/article_tools/pokemon-sword-shield/gacha/i_852.png,https://gamewith.akamaized.net/article_tools/pokemon-sword-shield/gacha/i_852.png
356,352,オトスパス,https://gamewith.akamaized.net/article_tools/pokemon-sword-shield/gacha/i_853.png,https://gamewith.akamaized.net/article_tools/pokemon-sword-shield/gacha/i_853.png
357,353,バチンウニ,https://gamewith.akamaized.net/article_tools/pokemon-sword-shield/gacha/i_871.png,https://gamewith.akamaized.net/article_tools/pokemon-sword-shield/gacha/i_871.png
358,354,タマンタ,https://gamewith.akamaized.net/article_tools/pokemon-sword-shield/gacha/i_458.png,https://gamewith.akamaized.net/article_tools/pokemon-sword-shield/gacha/i_458.png
359,355,マンタイン,https://gamewith.akamaized.net/article_tools/pokemon-sword-shield/gacha/i_226.png,https://gamewith.akamaized.net/article_tools/pokemon-sword-shield/gacha/i_226.png
360,356,ホエルコ,https://gamewith.akamaized.net/article_tools/pokemon-sword-shield/gacha/i_320.png,https://gamewith.akamaized.net/article_tools/pokemon-sword-shield/gacha/i_320.png
361,357,ホエルオー,https://gamewith.akamaized.net/article_tools/pokemon-sword-shield/gacha/i_321.png,https://gamewith.akamaized.net/article_tools/pokemon-sword-shield/gacha/i_321.png
362,358,カチコール,https://gamewith.akamaized.net/article_tools/pokemon-sword-shield/gacha/i_712.png,https://gamewith.akamaized.net/article_tools/pokemon-sword-shield/gacha/i_712.png
363,359,クレベース,https://gamewith.akamaized.net/article_tools/pokemon-sword-shield/gacha/i_713.png,https://gamewith.akamaized.net/article_tools/pokemon-sword-shield/gacha/i_713.png
364,360,ダダリン,https://gamewith.akamaized.net/article_tools/pokemon-sword-shield/gacha/i_781.png,https://gamewith.akamaized.net/article_tools/pokemon-sword-shield/gacha/i_781.png
365,361,ラプラス,https://gamewith.akamaized.net/article_tools/pokemon-sword-shield/gacha/i_131.png,https://gamewith.akamaized.net/article_tools/pokemon-sword-shield/gacha/i_131.png
366,362,ルナトーン,https://gamewith.akamaized.net/article_tools/pokemon-sword-shield/gacha/i_337.png,https://gamewith.akamaized.net/article_tools/pokemon-sword-shield/gacha/i_337.png
367,363,ソルロック,https://gamewith.akamaized.net/article_tools/pokemon-sword-shield/gacha/i_338.png,https://gamewith.akamaized.net/article_tools/pokemon-sword-shield/gacha/i_338.png
368,364,マネネ,https://gamewith.akamaized.net/article_tools/pokemon-sword-shield/gacha/i_439.png,https://gamewith.akamaized.net/article_tools/pokemon-sword-shield/gacha/i_439.png
369,365,バリヤード,https://gamewith.akamaized.net/article_tools/pokemon-sword-shield/gacha/i_122.png,https://gamewith.akamaized.net/article_tools/pokemon-sword-shield/gacha/i_122.png
370,365,ガラルバリヤード,https://gamewith.akamaized.net/article_tools/pokemon-sword-shield/gacha/i_921.png,https://gamewith.akamaized.net/article_tools/pokemon-sword-shield/gacha/i_921.png
371,366,バリコオル,https://gamewith.akamaized.net/article_tools/pokemon-sword-shield/gacha/i_866.png,https://gamewith.akamaized.net/article_tools/pokemon-sword-shield/gacha/i_866.png
372,367,ガラルダルマッカ,https://gamewith.akamaized.net/article_tools/pokemon-sword-shield/gacha/i_993.png,https://gamewith.akamaized.net/article_tools/pokemon-sword-shield/gacha/i_993.png
373,368,ガラルヒヒダルマ,https://gamewith.akamaized.net/article_tools/pokemon-sword-shield/gacha/i_995.png,https://gamewith.akamaized.net/article_tools/pokemon-sword-shield/gacha/i_995.png
374,369,イシヘンジン,https://gamewith.akamaized.net/article_tools/pokemon-sword-shield/gacha/i_874.png,https://gamewith.akamaized.net/article_tools/pokemon-sword-shield/gacha/i_874.png
375,370,コオリッポ,https://gamewith.akamaized.net/article_tools/pokemon-sword-shield/gacha/i_875.png,https://gamewith.akamaized.net/article_tools/pokemon-sword-shield/gacha/i_875.png
376,371,ジュラルドン,https://gamewith.akamaized.net/article_tools/pokemon-sword-shield/gacha/i_884.png,https://gamewith.akamaized.net/article_tools/pokemon-sword-shield/gacha/i_884.png
377,372,ロトム,https://gamewith.akamaized.net/article_tools/pokemon-sword-shield/gacha/i_479.png,https://gamewith.akamaized.net/article_tools/pokemon-sword-shield/gacha/i_479.png
378,372,ヒートロトム,https://gamewith.akamaized.net/article_tools/pokemon-sword-shield/gacha/i_968.png,https://gamewith.akamaized.net/article_tools/pokemon-sword-shield/gacha/i_968.png
379,372,ウォッシュロトム,https://gamewith.akamaized.net/article_tools/pokemon-sword-shield/gacha/i_969.png,https://gamewith.akamaized.net/article_tools/pokemon-sword-shield/gacha/i_969.png
380,372,フロストロトム,https://gamewith.akamaized.net/article_tools/pokemon-sword-shield/gacha/i_970.png,https://gamewith.akamaized.net/article_tools/pokemon-sword-shield/gacha/i_970.png
381,372,スピンロトム,https://gamewith.akamaized.net/article_tools/pokemon-sword-shield/gacha/i_971.png,https://gamewith.akamaized.net/article_tools/pokemon-sword-shield/gacha/i_971.png
382,372,カットロトム,https://gamewith.akamaized.net/article_tools/pokemon-sword-shield/gacha/i_972.png,https://gamewith.akamaized.net/article_tools/pokemon-sword-shield/gacha/i_972.png
383,373,メタモン,https://gamewith.akamaized.net/article_tools/pokemon-sword-shield/gacha/i_132.png,https://gamewith.akamaized.net/article_tools/pokemon-sword-shield/gacha/i_132.png
384,374,パッチラゴン,https://gamewith.akamaized.net/article_tools/pokemon-sword-shield/gacha/i_880.png,https://gamewith.akamaized.net/article_tools/pokemon-sword-shield/gacha/i_880.png
385,375,パッチルドン,https://gamewith.akamaized.net/article_tools/pokemon-sword-shield/gacha/i_881.png,https://gamewith.akamaized.net/article_tools/pokemon-sword-shield/gacha/i_881.png
386,376,ウオノラゴン,https://gamewith.akamaized.net/article_tools/pokemon-sword-shield/gacha/i_882.png,https://gamewith.akamaized.net/article_tools/pokemon-sword-shield/gacha/i_882.png
387,377,ウオチルドン,https://gamewith.akamaized.net/article_tools/pokemon-sword-shield/gacha/i_883.png,https://gamewith.akamaized.net/article_tools/pokemon-sword-shield/gacha/i_883.png
388,378,ヒトカゲ,https://gamewith.akamaized.net/article_tools/pokemon-sword-shield/gacha/i_004.png,https://gamewith.akamaized.net/article_tools/pokemon-sword-shield/gacha/i_004.png
389,379,リザード,https://gamewith.akamaized.net/article_tools/pokemon-sword-shield/gacha/i_005.png,https://gamewith.akamaized.net/article_tools/pokemon-sword-shield/gacha/i_005.png
390,380,リザードン,https://gamewith.akamaized.net/article_tools/pokemon-sword-shield/gacha/i_006.png,https://gamewith.akamaized.net/article_tools/pokemon-sword-shield/gacha/i_006.png
391,381,タイプ：ヌル,https://gamewith.akamaized.net/article_tools/pokemon-sword-shield/gacha/i_772.png,https://gamewith.akamaized.net/article_tools/pokemon-sword-shield/gacha/i_772.png
392,382,シルヴァディ,https://gamewith.akamaized.net/article_tools/pokemon-sword-shield/gacha/i_773.png,https://gamewith.akamaized.net/article_tools/pokemon-sword-shield/gacha/i_773.png
393,383,ヨーギラス,https://gamewith.akamaized.net/article_tools/pokemon-sword-shield/gacha/i_246.png,https://gamewith.akamaized.net/article_tools/pokemon-sword-shield/gacha/i_246.png
394,384,サナギラス,https://gamewith.akamaized.net/article_tools/pokemon-sword-shield/gacha/i_247.png,https://gamewith.akamaized.net/article_tools/pokemon-sword-shield/gacha/i_247.png
395,385,バンギラス,https://gamewith.akamaized.net/article_tools/pokemon-sword-shield/gacha/i_248.png,https://gamewith.akamaized.net/article_tools/pokemon-sword-shield/gacha/i_248.png
396,386,モノズ,https://gamewith.akamaized.net/article_tools/pokemon-sword-shield/gacha/i_633.png,https://gamewith.akamaized.net/article_tools/pokemon-sword-shield/gacha/i_633.png
397,387,ジヘッド,https://gamewith.akamaized.net/article_tools/pokemon-sword-shield/gacha/i_634.png,https://gamewith.akamaized.net/article_tools/pokemon-sword-shield/gacha/i_634.png
398,388,サザンドラ,https://gamewith.akamaized.net/article_tools/pokemon-sword-shield/gacha/i_635.png,https://gamewith.akamaized.net/article_tools/pokemon-sword-shield/gacha/i_635.png
399,389,ヌメラ,https://gamewith.akamaized.net/article_tools/pokemon-sword-shield/gacha/i_704.png,https://gamewith.akamaized.net/article_tools/pokemon-sword-shield/gacha/i_704.png
400,390,ヌメイル,https://gamewith.akamaized.net/article_tools/pokemon-sword-shield/gacha/i_705.png,https://gamewith.akamaized.net/article_tools/pokemon-sword-shield/gacha/i_705.png
401,391,ヌメルゴン,https://gamewith.akamaized.net/article_tools/pokemon-sword-shield/gacha/i_706.png,https://gamewith.akamaized.net/article_tools/pokemon-sword-shield/gacha/i_706.png
402,392,ジャラコ,https://gamewith.akamaized.net/article_tools/pokemon-sword-shield/gacha/i_782.png,https://gamewith.akamaized.net/article_tools/pokemon-sword-shield/gacha/i_782.png
403,393,ジャランゴ,https://gamewith.akamaized.net/article_tools/pokemon-sword-shield/gacha/i_783.png,https://gamewith.akamaized.net/article_tools/pokemon-sword-shield/gacha/i_783.png
404,394,ジャラランガ,https://gamewith.akamaized.net/article_tools/pokemon-sword-shield/gacha/i_784.png,https://gamewith.akamaized.net/article_tools/pokemon-sword-shield/gacha/i_784.png
405,395,ドラメシヤ,https://gamewith.akamaized.net/article_tools/pokemon-sword-shield/gacha/i_885.png,https://gamewith.akamaized.net/article_tools/pokemon-sword-shield/gacha/i_885.png
406,396,ドロンチ,https://gamewith.akamaized.net/article_tools/pokemon-sword-shield/gacha/i_886.png,https://gamewith.akamaized.net/article_tools/pokemon-sword-shield/gacha/i_886.png
407,397,ドラパルト,https://gamewith.akamaized.net/article_tools/pokemon-sword-shield/gacha/i_887.png,https://gamewith.akamaized.net/article_tools/pokemon-sword-shield/gacha/i_887.png
408,398,ザシアン,https://gamewith.akamaized.net/article_tools/pokemon-sword-shield/gacha/i_888.png,https://gamewith.akamaized.net/article_tools/pokemon-sword-shield/gacha/i_888.png
409,399,ザマゼンタ,https://gamewith.akamaized.net/article_tools/pokemon-sword-shield/gacha/i_889.png,https://gamewith.akamaized.net/article_tools/pokemon-sword-shield/gacha/i_889.png
410,400,ムゲンダイナ,https://gamewith.akamaized.net/article_tools/pokemon-sword-shield/gacha/i_890.png,https://gamewith.akamaized.net/article_tools/pokemon-sword-shield/gacha/i_890.png
